the-murder-of-laci-peterson,7
anima-2019,8
wild-wild-country,8
the-master-2012,8
susan-powell-an-id-murder-mystery,7
the-confession-killer,8
voyeur-2017,6
holy-hell-2016,9
unorthodox-2020,7
making-a-murderer,8
the-staircase,8
amanda-knox,8
american-experience-the-island-murder,7
oklahoma-city,8
abducted-in-plain-sight,7
i-love-you-now-die-the-commonwealth-v-michelle-carter,8
bad-girls-from-valley-high,6
bridget-joness-baby,3
the-legend-of-zorro,4
mimal-the-elf-urban-legend-90s-tv-documentary-clip,8
requiem-for-a-dream,10
the-return-of-the-vampire,7
the-good-german,8
symbol,9
sleeping-beauty,9
tiger-king-murder-mayhem-and-madness,8
carmen-sandiego-to-steal-or-not-to-steal,5
frozen-ii,8
frozen-2013,6
what-we-do-in-the-shadows,9
nick-kroll-john-mulaney-oh-hello-on-broadway,9
marc-maron-end-times-fun,7
eegah,2
500-days-of-summer,8
the-phantom-planet,3
ring-of-terror,1
little-big-man,9
sarah-silverman-a-speck-of-dust,9
final-destination,4
obvious-child,8
aladdin,10
the-hunchback-of-notre-dame-1996,10
hercules-1997,10
pocahontas,10
chris-rock-tamborine,6
leslie-jones-time-machine,7
marc-maron-too-real,8
anthony-jeselnik-fire-in-the-maternity-ward,7
marcel-the-shell-with-shoes-on-three,8
marcel-the-shell-with-shoes-on-two,8
marcel-the-shell-with-shoes-on,9
anthony-jeselnik-thoughts-and-prayers,8
jenny-slate-stage-fright,9
aziz-ansari-right-now,8
the-lizzie-mcguire-movie,3
the-rocky-horror-picture-show,8
hair-love,9
what-did-jack-do,9
jack-1996,5
thumbelina,7
the-sword-in-the-stone,8
miss-americana,7
parasite-2019,9
james-acaster-repertoire,8
extraterrestrial-visitors,1
maria-bamford-the-special-special-special,8
ricky-gervais-humanity,8
ronny-chieng-asian-comedian-destroys-america,7
ready-or-not-2019,6
knives-out-2019,9
1917,10
once-upon-a-time-in-hollywood,9
crouching-tiger-hidden-dragon,10
marriage-story-2019,9
tommy-boy,8
flashdance,6
three-identical-strangers,7
dial-m-for-murder,10
compulsion,8
the-magnificent-ambersons,9
the-phantom-carriage,10
the-general,9
paul-f-tompkins-driven-to-drink,7
dave-chappelle-killin-them-softly,9
the-island-2005,7
angels-demons,6
the-da-vinci-code,6
a-beautiful-mind,9
the-truman-show,10
the-mothman-prophecies,6
the-time-travelers-wife,6
stranger-than-fiction-2006,8
brittany-runs-a-marathon,7
my-alien-girlfriend,6
now-and-then,6
the-birdcage,9
high-plains-drifter,6
riding-in-cars-with-boys,8
rain-man,10
superstar,7
step-up,6
lost-in-translation,9
angels-in-the-outfield-1994,5
evan-almighty,6
anger-management,7
joker-2019,9
where-the-heart-is-2000,7
the-texas-chain-saw-massacre,10
the-rage-carrie-2,5
paul-blart-mall-cop-2,2
paul-blart-mall-cop,1
after-midnight,4
once-bitten-1985,3
zach-galifianakis-live-at-the-purple-onion,10
jason-and-the-argonauts,10
all-that-jazz,8
coco-2017,8
night-of-the-living-dead,9
anastasia-1997,8
between-two-ferns-the-movie,7
the-case-against-adnan-syed,7
conversations-with-a-killer-the-ted-bundy-tapes,8
across-the-universe,9
the-phantom-of-the-opera-2004,8
blank-check,3
first-kid,5
rihie-rih,7
battleship-potemkin,8
bill-burr-paper-tiger,7
steve-martin-and-martin-short-an-evening-you-will-forget-for-the-rest-of-your-life,6
dave-chappelle-the-bird-revelation,8
dave-chappelle-equanimity,9
dreamgirls,8
trading-places,10
dave-chappelle-sticks-stones,9
rockos-modern-life-static-cling,8
high-noon,9
music-of-the-heart,6
maid-in-manhattan,5
the-others,8
safety-last,9
a-hard-days-night,10
dealt,9
good-will-hunting,10
the-hobbit,8
the-last-unicorn,10
get-smart,7
we-need-to-talk-about-kevin,9
starsky-hutch,7
the-virgin-suicides,8
revolutionary-road,9
rope,9
a-killer-among-friends,4
murder-by-numbers,5
untitled,7
waking-life,10
mr-nobody,10
the-lion-king-2019,7
labyrinth,9
the-chipmunk-adventure,4
the-dark-crystal,9
yesterday-2019,6
eurotrip,6
rocketman-2019,8
the-lonely-island-presents-the-unauthorized-bash-brothers-experience,9
rolling-thunder-revue-a-bob-dylan-story-by-martin-scorsese,9
john-yoko-above-us-only-sky,9
aladdin-2019,8
always-be-my-maybe-2019,7
310-to-yuma-2007,9
sliding-doors,4
the-man-from-uncle,7
the-fourth-kind,1
the-terminal,7
rocketman,7
avengers-endgame,9
hobgoblins,1
secretary,5
the-silence-of-the-lambs,10
the-day-the-earth-froze,1
contact,9
richard-scarrys-best-busy-people-video-ever,10
40-days-and-40-nights,1
50-96-snapshots-for-bruce,7
46-90-falter-2,7
44-85-foot-age-shoot-out,7
43-84-1984,7
42-83-no-film,6
41-82-getting-warm,5
40-81-breakfast-im-grauen,5
39-81-which-way-to-ca,5
34-76-tschibo,3
33-77-no-danube,8
30-73-coop-cinema-amsterdam,5
29-73-ready-made,4
27-71-on-peacock-isle,7
26-71-zeichenfilm-balzac-und-das-auge-gottes,2
24-70-western,5
23-69-underground-explosion,6
22-69-happy-end,5
18-68-venecia-kaputt,7
ferrell-takes-the-field,7
the-vagina-monologues,5
flight-of-the-conchords-live-in-london,9
one-night-stand-flight-of-the-conchords,9
pride-prejudice,8
us-2019,10
head-over-heels,1
blockers,7
mommy-dead-and-dearest,8
baseketball,6
music-and-lyrics,6
smart-house,6
the-luck-of-the-irish,5
comet,8
captain-marvel,8
ant-man-and-the-wasp,8
the-ducktators,6
pi,10
remember-the-titans,8
office-space,10
george-of-the-jungle,9
hitch-2005,7
chasing-liberty,5
leaving-neverland,9
the-wedding-planner,3
chicago,9
my-girl-2,6
my-girl,8
the-royal-tenenbaums,10
obsessed,5
saving-mr-banks,7
a-little-princess-1995,8
grease,8
the-core,5
dantes-peak,7
isnt-it-romantic-2019,6
ella-enchanted,1
what-women-want,6
eighth-grade,8
fyre-2019,6
hereditary,7
failure-to-launch,3
donnie-darko,9
the-favourite,9
black-mirror-bandersnatch,9
it-takes-two,2
the-blair-witch-project,7
the-blade-master,2
taylor-swift-reputation-stadium-tour,7
julie-julia,8
bird-box,5
rudolph-the-red-nosed-reindeer,7
the-godfather-part-ii,9
animal-house,7
a-christmas-prince-the-royal-wedding,1
the-greatest-showman,7
baby-mama,3
four-christmases,5
real-women-have-curves,6
the-hangover,7
hannah-gadsby-nanette,10
kissing-jessica-stein,7
closer,8
the-meaning-of-life-1983,10
the-40-year-old-virgin,8
mariah-careys-all-i-want-for-christmas-is-you,4
the-blind-side,6
crazy-rich-asians,7
the-sound-of-music,10
mac-and-me,1
titanic-at-100-mystery-solved,6
the-princess-switch,2
bohemian-rhapsody,9
titanic-1997,8
the-nightmare-before-christmas,10
house-on-haunted-hill,8
a-star-is-born-2018,8
to-all-the-boys-ive-loved-before,5
kill-bill-vol-2,10
kill-bill-vol-1,10
demetri-martin-the-overthinker,7
a-night-of-total-terror,5
spider-man-3,6
casper,8
the-mask-of-zorro,8
legally-blonde,8
monster-in-law,4
blackkklansman,10
star-wars-the-last-jedi,8
jumanji-welcome-to-the-jungle,7
the-illusionist,6
man-thing,4
10-things-i-hate-about-you,7
lars-and-the-real-girl,7
game-night,7
inglourious-basterds,10
notting-hill,8
wedding-crashers,7
the-glass-house,5
not-another-teen-movie,7
shes-all-that,5
the-family-stone,4
drive-me-crazy,3
the-brainwashing-of-my-dad,5
set-it-up,2
the-brothers-bloom,10
tag-2018,7
proof-2005,7
white-chicks,6
just-like-heaven,7
the-stepford-wives-2004,5
shes-the-man,7
away-we-go,8
anywhere-but-here,7
clue,9
meet-the-parents,8
john-mulaney-new-in-town,7
john-mulaney-the-comeback-kid,7
save-the-last-dance,6
national-treasure,7
john-mulaney-kid-gorgeous-at-radio-city,8
rent,7
deadpool-2,9
how-to-deal,6
the-sweetest-thing,7
the-family-man,7
high-school-musical-3-senior-year,2
silo-edge-of-the-real-world,5
a-quiet-place-2018,9
merlins-shop-of-mystical-wonders,2
avengers-infinity-war,10
the-matrix,8
the-starfighters,1
maximum-overdrive,6
the-ninth-gate,5
pantani-the-accidental-death-of-a-cyclist,7
the-program-2015,7
how-clean-is-cycling-behind-the-scenes-with-seven-times-world-champion-tony-martin,6
half-the-road-the-passion-pitfalls-power-of-womens-professional-cycling,7
the-road-uphill,7
baroudeur,3
icarus-2017,9
the-armstrong-lie,7
stop-at-nothing-the-lance-armstrong-story,7
big,7
the-magician-1958,9
tour-de-pharmacy,7
john-tucker-must-die,4
win-a-date-with-tad-hamilton,4
annihilation,10
walk-the-line,8
get-over-it,3
the-shape-of-water,8
spider-man-homecoming,8
i-give-it-a-year,1
black-panther-2018,10
thor-ragnarok,8
guardians-of-the-galaxy-vol-2,9
rush-hour-2,6
rush-hour,7
when-we-first-met,6
license-to-wed,3
city-limits,1
keeping-the-faith,6
friends-with-benefits,2
footloose,4
deathstalker-and-the-warriors-from-hell,1
monty-python-and-the-holy-grail,10
christmas-inheritance,3
the-big-sick,9
coyote-ugly,4
i-love-you-man,8
bride-wars,1
miss-congeniality,6
made-of-honor,5
the-secret-garden-1993,7
divine-secrets-of-the-ya-ya-sisterhood,7
double-jeopardy-1999,6
a-christmas-prince,1
her,9
bicentennial-man,7
coach-carter,7
the-shawshank-redemption,10
grammys-greatest-stories-a-60th-anniversary-special,7
jim-andy-the-great-beyond,9
bring-it-on,5
v-for-vendetta,9
the-castle-of-fu-manchu,2
teen-witch,2
runaway-jury,8
pitch-perfect-2,5
garden-state,9
enchanted,9
kingpin,8
hollow-man,3
spanglish,9
valentines-day,5
gi-jane,8
avatar,8
runaway-bride,5
alice-in-wonderland-1951,10
zodiac,9
stepmom,7
here-comes-the-circus,3
bedazzled-2000,8
bed-of-roses,6
the-help,8
twister,6
religulous,6
rushmore,10
bend-it-like-beckham,7
the-banger-sisters,7
practical-magic,8
the-five-year-engagement,7
knocked-up,9
shallow-hal,9
superbad,9
sweet-home-alabama,6
adore,5
christian-mingle,1
man-on-wire,9
trust-2010,7
the-princess-bride,10
laggies,5
they-came-together,7
hero-2002,9
the-sixth-sense,9
the-loves-of-hercules,5
the-thing,9
the-italian-job-2003,7
extraordinary-the-stan-romanek-story,1
clueless,10
emma,8
get-out-2017,10
ps-i-love-you,6
something-borrowed,5
i-know-who-killed-me,2
an-american-tail-fievel-goes-west,8
were-back-a-dinosaurs-story,7
mean-girls,8
you-get-me,1
honey-we-shrunk-ourselves,3
a-league-of-their-own,8
europa-report,7
looper,8
october-sky,7
27-dresses,5
the-heartbreak-kid,4
ex-machina-2014,7
ferngully-the-last-rainforest,8
13-going-on-30,6
how-to-lose-a-guy-in-10-days,5
wonder-woman-2017,8
the-break-up,5
magicians-life-in-the-impossible,7
miss-representation,7
a-sunday-in-hell-paris-roubaix-1976,8
rogue-one-a-star-wars-story,8
the-empire-strikes-back,10
talladega-nights-the-ballad-of-ricky-bobby,9
the-land-that-time-forgot,2
armageddon,8
stars-and-the-water-carriers,9
cassinis-grand-finale,10
sherlock-jr,10
penn-tellers-invisible-thread,7
dave-chappelle-deep-in-the-heart-of-texas,6
dave-chappelle-the-age-of-spin,8
heavyweights,7
while-you-were-sleeping,7
shakespeare-in-love,8
kate-leopold,7
the-swan-princess,7
starcrash,2
the-beast-of-hollow-mountain,6
when-harry-met-sally,8
love-actually,2
avalanche,5
the-time-travelers,5
cry-wilderness,2
reptilicus,4
louis-ck-2017,8
teenagers-from-outer-space,2
midnight-in-paris,10
whatever-works,8
vicky-cristina-barcelona,8
werewolf,1
flight-of-the-conchords-a-texan-odyssey,8
the-lord-of-the-rings-the-return-of-the-king,10
the-lord-of-the-rings-the-two-towers,10
the-lord-of-the-rings-the-fellowship-of-the-ring,10
the-hobbit-the-battle-of-the-five-armies,8
the-hobbit-the-desolation-of-smaug,9
the-hobbit-an-unexpected-journey,9
la-maison-en-petits-cubes,10
the-beatles-eight-days-a-week-the-touring-years,8
pocahontas-1995,2
golden-films-beauty-and-the-beast,1
beauty-and-the-beast-2017,9
the-imitation-game,8
estes-avenue,4
the-forest-for-the-trees,7
erin-brockovich,8
romeo-juliet-1996,8
love-basketball,7
dont-think-twice,8
the-secret-life-of-pets,5
bo-burnham-make-happy,10
moana-2016,10
they-live,8
inner-workings,7
teacher-of-the-year-2015,6
feast-2014,8
asteria,8
happy-end-2016,7
the-head-vanishes,9
once-upon-a-line,9
indice-50,5
pear-cider-and-cigarettes,8
blind-vaysha,9
pearl-2016,7
borrowed-time-2015,7
high-school-musical-2,3
high-school-musical,2
la-la-land,10
finding-dory,8
an-affair-to-remember,7
sabrina,6
arrival-2016,10
dirty-dancing-havana-nights,6
dirty-dancing,6
scary-movie-2,7
scary-movie-2000,6
the-beautician-and-the-beast,7
serendipity,5
hidden-figures,9
rebel-without-a-cause,7
lost-in-london-2017,9
singin-in-the-rain,9
carousel,6
princess-mononoke,10
the-cabinet-of-dr-caligari-1920,10
the-consequences-of-feminism,10
hoop-dreams,8
dangerous-liaisons,8
the-sand-pebbles,6
the-motel,8
the-man-who-shot-liberty-valance,10
frozen-river,6
boyhood,9
if,7
the-count-of-monte-cristo-2002,7
black-mirror-white-christmas,9
moonrise-kingdom,9
ruby-sparks,9
take-this-waltz,9
reggie-watts-spatial,7
the-santa-clause,6
fantastic-beasts-and-where-to-find-them,8
skyfall,10
the-first-wives-club,7
marie-antoinette-2006,7
step-brothers,9
heathers,9
theres-something-about-mary,7
my-big-fat-greek-wedding,4
saw,8
as-good-as-it-gets,8
forrest-gump,10
the-wailing,9
megamind,7
bound,9
drive-2011,8
north-west-mounted-police,7
seventeen-again,6
observe-and-report,5
margo-lily,6
despair-2010,9
tufty,9
alive-in-joburg,6
young-frankenstein,10
a-charlie-brown-thanksgiving,8
the-little-mermaid,9
moulin-rouge-2001,8
amadeus,10
david-blaine-what-is-magic,6
david-blaine-real-or-magic,6
trainspotting,9
head-of-state,6
the-lion-in-your-living-room,8
doctor-strange-2016,9
mary-poppins,10
a-knights-tale,9
classic-albums-elton-john-goodbye-yellow-brick-road,7
in-her-shoes,8
the-master-of-disguise,2
piper,9
joe-dirt,8
the-house-bunny,6
what-about-bob,8
dear-mr-watterson,7
the-exorcist,8
the-lego-movie,9
cyberbully,4
the-omen,9
carrie-1976,10
a-girl-like-her-2015,1
casting-by,8
david-cross-making-america-great-again,8
josie-and-the-pussycats,4
quiz-show,9
a-cinderella-story,2
tangled-2010,8
the-princess-and-the-frog,9
bridesmaids,7
bridget-jones-the-edge-of-reason,4
bridget-joness-diary,6
sister-act-2-back-in-the-habit,6
sister-act,6
gentlemen-prefer-blondes,4
the-seven-year-itch,6
murder-by-death,9
the-fountain,9
the-cabin-in-the-woods,9
american-psycho,9
elf,10
wicker-park,6
south-park-bigger-longer-uncut,10
dead-poets-society,8
panic-room,5
flightplan,8
harry-potter-and-the-deathly-hallows-part-2,9
harry-potter-and-the-deathly-hallows-part-1,9
harry-potter-and-the-half-blood-prince,8
harry-potter-and-the-order-of-the-phoenix,8
the-hitchhikers-guide-to-the-galaxy-2005,9
hes-just-not-that-into-you,7
unfaithful,8
black-swan,10
life-of-brian,10
willy-wonka-the-chocolate-factory,10
little-miss-sunshine,10
american-beauty,10
all-about-eve,10
some-like-it-hot,10
cinderella-1957,7
cinderella-1997,6
harry-potter-and-the-goblet-of-fire,6
harry-potter-and-the-prisoner-of-azkaban,8
harry-potter-and-the-chamber-of-secrets,7
harry-potter-and-the-philosophers-stone,7
cinderella-1965,8
home-alone,8
les-miserables-2012,10
sausage-party,8
the-bounty-hunter,4
the-back-up-plan,2
the-ugly-truth,3
how-do-you-know,6
napoleon-dynamite,9
bruce-almighty,8
liar-liar,8
the-prestige,10
ice-age-dawn-of-the-dinosaurs,2
i-saw-the-light,7
allegiant,5
10-cloverfield-lane,8
independence-day-resurgence,5
austin-powers-in-goldmember,8
one-hundred-and-one-dalmatians,9
austin-powers-the-spy-who-shagged-me,8
austin-powers-international-man-of-mystery,8
match-point,9
the-holiday,8
begin-again,9
the-big-year,9
borat-cultural-learnings-of-america-for-make-benefit-glorious-nation-of-kazakhstan,8
the-secret-life-of-walter-mitty-2013,9
the-iron-giant,9
petes-dragon,7
the-magic-voyage,2
the-black-cauldron,7
bambi,9
jrrt-a-study-of-john-ronald-reuel-tolkien-1892-1973,8
sofia-stars-and-the-space-between,6
ben-hur-1907,4
the-cmb-a-new-view-from-the-south-pole,8
curiosity-searching-for-carbon,7
seeing-planets-like-never-before,7
distant-quasars-shedding-light-on-black-holes,8
nairo-quintana-little-big-man,8
brian-eno-another-green-world,8
one-man,4
mary-last-seen,6
charlie-2013,6
the-big-short,9
the-hunger-games-mockingjay-part-2,7
x-men-apocalypse,9
men-in-black-ii,6
men-in-black,8
the-emperors-new-groove,10
the-great-mouse-detective,9
the-mummy-returns,6
the-mummy-1999,8
strike-1998,7
matilda,7
the-princess-diaries-2-royal-engagement,5
harriet-the-spy,6
chicken-or-the-egg,7
mona-lisa-smile,7
the-parent-trap-1998,7
captain-america-civil-war,8
juno,7
youve-got-mail,9
what-the-do-we-know,1
bernie-2011,8
best-in-show,10
eel-girl,5
jumping,9
night-of-the-hell-hamsters,6
matsumoto-fragment,7
the-dancing-pig,2
big-buck-bunny,4
tin-toy,5
dont,6
tuck-me-in,10
michael-jacksons-thriller,8
roundhay-garden-scene,8
workers-leaving-the-lumiere-factory,7
the-kiss-1896,5
castello-cavalcanti,8
the-incredible-burt-wonderstone,7
the-night-before-christmas,8
the-clock-watcher,8
plutos-christmas-tree,7
once-upon-a-wintertime,7
a-disney-christmas-gift,7
ferris-buellers-day-off,6
watchmen,10
gods-not-dead,1
maggie-simpson-in-the-longest-daycare,9
bio-cop,8
kick-heart,6
the-bride-1971,5
not-everything-that-flies-is-a-bird,7
catarina-and-the-others,4
invention-of-love,9
my-last-day,4
off-his-rockers,6
bunny,6
routine-2015,6
knick-knack,7
likeness,7
the-flying-car,5
the-girl-is-mime,8
experimental-animation,5
mattress-man-commercial,10
a-brief-history-of-john-baldessari,9
a-funny-shave,5
thresher,8
trail-mix-up,7
tummy-trouble,6
angry-video-game-nerd-the-movie,8
dazed-and-confused,8
zootopia,10
jurassic-park,9
the-good-the-bad-and-the-ugly,10
queen-a-night-in-bohemia,8
deadpool,9
neil-young-crazy-horse-rust-never-sleeps,9
human-highway,8
the-maltese-falcon-1941,10
pretty-in-pink,7
to-catch-a-thief,7
blazing-saddles,10
the-treasure-of-the-sierra-madre,9
butch-cassidy-and-the-sundance-kid,10
the-revenant-2015,9
blade-runner,10
life-is-flashing-before-your-eyes,9
cousin-ben-troop-screening,7
roller-coaster-rabbit,7
omelette,8
batman-vs-the-terminator,6
fashion-film,5
please-kill-mr-kinski,6
crawlspace,4
batman-strange-days,6
azureus-rising,5
posthuman,7
school-of-rock,10
a-goofy-movie,10
a-walk-to-remember,5
never-been-kissed,5
vincent,9
fumikos-confession,5
bambi-meets-godzilla,8
the-landlord-2007,7
the-cat-came-back,6
superflat-monogram,7
evolution-1971,5
the-crunch-bird,3
unedited-footage-of-a-bear,7
hotel-chevalier,8
the-fat-and-lean-wrestling-match,7
i-live-in-the-woods,8
the-furred-man,7
the-tell-tale-heart,8
everafter,8
the-princess-diaries,7
2-in-the-am-pm,7
its-a-mad-mad-mad-mad-world,10
mickey-mouse-in-vietnam,8
jumanji,9
beauty-and-the-beast-1991,10
manos-the-hands-of-fate,3
hired,1
too-many-cooks-2014,10
the-salad-mixxxer,5
dugs-special-mission,6
super-rhino,6
burne,9
jack-jack-attack,7
the-legend-of-the-flying-tomato,5
electroshock,4
the-devil-wears-prada,8
the-colors-of-evil,5
boys-night-out-2003,4
whiplash-2013,7
a-clockwork-orange,10
wish-upon-a-star,5
your-friend-the-rat,8
the-craft,5
my-best-friends-wedding,7
jungle-jail,4
lava-2014,6
bob-dylan-another-self-portrait-1969-1971,6
wanderers,8
the-hateful-eight,9
cargo-2013,9
the-silent-city,6
the-gate-2011,6
the-device-2012,7
abe,7
apollo-13,9
jungle-2-jungle,6
eternal-sunshine-of-the-spotless-mind,10
view-from-the-top,6
entracte,9
little-nicky,7
dodgeball-a-true-underdog-story,8
i-huckabees,9
whats-opera-doc,10
pontoffel-pock-his-magic-piano,5
the-lorax,10
the-princess-and-the-goblin,5
steamboat-willie,8
