the-murder-of-laci-peterson,2017
anima-2019,2019
wild-wild-country,2018
the-master-2012,2012
susan-powell-an-id-murder-mystery,2018
the-confession-killer,2019
voyeur-2017,2017
holy-hell-2016,2016
unorthodox-2020,2020
making-a-murderer,2015
the-staircase,2005
amanda-knox,2016
american-experience-the-island-murder,2018
oklahoma-city,2017
abducted-in-plain-sight,2017
i-love-you-now-die-the-commonwealth-v-michelle-carter,2019
bad-girls-from-valley-high,2005
bridget-joness-baby,2016
the-legend-of-zorro,2005
mimal-the-elf-urban-legend-90s-tv-documentary-clip,2017
requiem-for-a-dream,2000
the-return-of-the-vampire,1943
the-good-german,2006
symbol,2009
sleeping-beauty,1959
tiger-king-murder-mayhem-and-madness,2020
carmen-sandiego-to-steal-or-not-to-steal,2020
frozen-ii,2019
frozen-2013,2013
what-we-do-in-the-shadows,2014
nick-kroll-john-mulaney-oh-hello-on-broadway,2017
marc-maron-end-times-fun,2020
eegah,1962
500-days-of-summer,2009
the-phantom-planet,1961
ring-of-terror,1962
little-big-man,1970
sarah-silverman-a-speck-of-dust,2017
final-destination,2000
obvious-child,2014
aladdin,1992
the-hunchback-of-notre-dame-1996,1996
hercules-1997,1997
pocahontas,1995
chris-rock-tamborine,2018
leslie-jones-time-machine,2020
marc-maron-too-real,2017
anthony-jeselnik-fire-in-the-maternity-ward,2019
marcel-the-shell-with-shoes-on-three,2014
marcel-the-shell-with-shoes-on-two,2011
marcel-the-shell-with-shoes-on,2010
anthony-jeselnik-thoughts-and-prayers,2015
jenny-slate-stage-fright,2019
aziz-ansari-right-now,2019
the-lizzie-mcguire-movie,2003
the-rocky-horror-picture-show,1975
hair-love,2019
what-did-jack-do,2017
jack-1996,1996
thumbelina,1994
the-sword-in-the-stone,1963
miss-americana,2020
parasite-2019,2019
james-acaster-repertoire,2018
extraterrestrial-visitors,1983
maria-bamford-the-special-special-special,2012
ricky-gervais-humanity,2018
ronny-chieng-asian-comedian-destroys-america,2019
ready-or-not-2019,2019
knives-out-2019,2019
1917,2019
once-upon-a-time-in-hollywood,2019
crouching-tiger-hidden-dragon,2000
marriage-story-2019,2019
tommy-boy,1995
flashdance,1983
three-identical-strangers,2018
dial-m-for-murder,1954
compulsion,1959
the-magnificent-ambersons,1942
the-phantom-carriage,1921
the-general,1926
paul-f-tompkins-driven-to-drink,1998
dave-chappelle-killin-them-softly,2000
the-island-2005,2005
angels-demons,2009
the-da-vinci-code,2006
a-beautiful-mind,2001
the-truman-show,1998
the-mothman-prophecies,2002
the-time-travelers-wife,2009
stranger-than-fiction-2006,2006
brittany-runs-a-marathon,2019
my-alien-girlfriend,2019
now-and-then,1995
the-birdcage,1996
high-plains-drifter,1973
riding-in-cars-with-boys,2001
rain-man,1988
superstar,1999
step-up,2006
lost-in-translation,2003
angels-in-the-outfield-1994,1994
evan-almighty,2007
anger-management,2003
joker-2019,2019
where-the-heart-is-2000,2000
the-texas-chain-saw-massacre,1974
the-rage-carrie-2,1999
paul-blart-mall-cop-2,2015
paul-blart-mall-cop,2009
after-midnight,1989
once-bitten-1985,1985
zach-galifianakis-live-at-the-purple-onion,2007
jason-and-the-argonauts,1963
all-that-jazz,1979
coco-2017,2017
night-of-the-living-dead,1968
anastasia-1997,1997
between-two-ferns-the-movie,2019
the-case-against-adnan-syed,2019
conversations-with-a-killer-the-ted-bundy-tapes,2019
across-the-universe,2007
the-phantom-of-the-opera-2004,2004
blank-check,1994
first-kid,1996
rihie-rih,1994
battleship-potemkin,1925
bill-burr-paper-tiger,2019
steve-martin-and-martin-short-an-evening-you-will-forget-for-the-rest-of-your-life,2018
dave-chappelle-the-bird-revelation,2017
dave-chappelle-equanimity,2017
dreamgirls,2006
trading-places,1983
dave-chappelle-sticks-stones,2019
rockos-modern-life-static-cling,2019
high-noon,1952
music-of-the-heart,1999
maid-in-manhattan,2002
the-others,2001
safety-last,1923
a-hard-days-night,1964
dealt,2017
good-will-hunting,1997
the-hobbit,1977
the-last-unicorn,1982
get-smart,2008
we-need-to-talk-about-kevin,2011
starsky-hutch,2004
the-virgin-suicides,1999
revolutionary-road,2008
rope,1948
a-killer-among-friends,1992
murder-by-numbers,2002
untitled,2009
waking-life,2001
mr-nobody,2009
the-lion-king-2019,2019
labyrinth,1986
the-chipmunk-adventure,1987
the-dark-crystal,1982
yesterday-2019,2019
eurotrip,2004
rocketman-2019,2019
the-lonely-island-presents-the-unauthorized-bash-brothers-experience,2019
rolling-thunder-revue-a-bob-dylan-story-by-martin-scorsese,2019
john-yoko-above-us-only-sky,2018
aladdin-2019,2019
always-be-my-maybe-2019,2019
310-to-yuma-2007,2007
sliding-doors,1998
the-man-from-uncle,2015
the-fourth-kind,2009
the-terminal,2004
rocketman,1997
avengers-endgame,2019
hobgoblins,1988
secretary,2002
the-silence-of-the-lambs,1991
the-day-the-earth-froze,1959
contact,1997
richard-scarrys-best-busy-people-video-ever,1993
40-days-and-40-nights,2002
50-96-snapshots-for-bruce,1996
46-90-falter-2,1990
44-85-foot-age-shoot-out,1985
43-84-1984,1984
42-83-no-film,1983
41-82-getting-warm,1982
40-81-breakfast-im-grauen,1981
39-81-which-way-to-ca,1981
34-76-tschibo,1976
33-77-no-danube,1977
30-73-coop-cinema-amsterdam,1973
29-73-ready-made,1973
27-71-on-peacock-isle,1971
26-71-zeichenfilm-balzac-und-das-auge-gottes,1971
24-70-western,1970
23-69-underground-explosion,1969
22-69-happy-end,1969
18-68-venecia-kaputt,1968
ferrell-takes-the-field,2015
the-vagina-monologues,2002
flight-of-the-conchords-live-in-london,2018
one-night-stand-flight-of-the-conchords,2005
pride-prejudice,2005
us-2019,2019
head-over-heels,2001
blockers,2018
mommy-dead-and-dearest,2017
baseketball,1998
music-and-lyrics,2007
smart-house,1999
the-luck-of-the-irish,2001
comet,2014
captain-marvel,2019
ant-man-and-the-wasp,2018
the-ducktators,1942
pi,1998
remember-the-titans,2000
office-space,1999
george-of-the-jungle,1997
hitch-2005,2005
chasing-liberty,2004
leaving-neverland,2019
the-wedding-planner,2001
chicago,2002
my-girl-2,1994
my-girl,1991
the-royal-tenenbaums,2001
obsessed,2009
saving-mr-banks,2013
a-little-princess-1995,1995
grease,1978
the-core,2003
dantes-peak,1997
isnt-it-romantic-2019,2019
ella-enchanted,2004
what-women-want,2000
eighth-grade,2018
fyre-2019,2019
hereditary,2018
failure-to-launch,2006
donnie-darko,2001
the-favourite,2018
black-mirror-bandersnatch,2018
it-takes-two,1995
the-blair-witch-project,1999
the-blade-master,1982
taylor-swift-reputation-stadium-tour,2018
julie-julia,2009
bird-box,2018
rudolph-the-red-nosed-reindeer,1964
the-godfather-part-ii,1974
animal-house,1978
a-christmas-prince-the-royal-wedding,2018
the-greatest-showman,2017
baby-mama,2008
four-christmases,2008
real-women-have-curves,2002
the-hangover,2009
hannah-gadsby-nanette,2018
kissing-jessica-stein,2001
closer,2004
the-meaning-of-life-1983,1983
the-40-year-old-virgin,2005
mariah-careys-all-i-want-for-christmas-is-you,2017
the-blind-side,2009
crazy-rich-asians,2018
the-sound-of-music,1965
mac-and-me,1988
titanic-at-100-mystery-solved,2012
the-princess-switch,2018
bohemian-rhapsody,2018
titanic-1997,1997
the-nightmare-before-christmas,1993
house-on-haunted-hill,1959
a-star-is-born-2018,2018
to-all-the-boys-ive-loved-before,2018
kill-bill-vol-2,2004
kill-bill-vol-1,2003
demetri-martin-the-overthinker,2018
a-night-of-total-terror,1996
spider-man-3,2007
casper,1995
the-mask-of-zorro,1998
legally-blonde,2001
monster-in-law,2005
blackkklansman,2018
star-wars-the-last-jedi,2017
jumanji-welcome-to-the-jungle,2017
the-illusionist,2006
man-thing,2005
10-things-i-hate-about-you,1999
lars-and-the-real-girl,2007
game-night,2018
inglourious-basterds,2009
notting-hill,1999
wedding-crashers,2005
the-glass-house,2001
not-another-teen-movie,2001
shes-all-that,1999
the-family-stone,2005
drive-me-crazy,1999
the-brainwashing-of-my-dad,2015
set-it-up,2018
the-brothers-bloom,2008
tag-2018,2018
proof-2005,2005
white-chicks,2004
just-like-heaven,2005
the-stepford-wives-2004,2004
shes-the-man,2006
away-we-go,2009
anywhere-but-here,1999
clue,1985
meet-the-parents,2000
john-mulaney-new-in-town,2012
john-mulaney-the-comeback-kid,2015
save-the-last-dance,2001
national-treasure,2004
john-mulaney-kid-gorgeous-at-radio-city,2018
rent,2005
deadpool-2,2018
how-to-deal,2003
the-sweetest-thing,2002
the-family-man,2000
high-school-musical-3-senior-year,2008
silo-edge-of-the-real-world,2017
a-quiet-place-2018,2018
merlins-shop-of-mystical-wonders,1996
avengers-infinity-war,2018
the-matrix,1999
the-starfighters,1964
maximum-overdrive,1986
the-ninth-gate,1999
pantani-the-accidental-death-of-a-cyclist,2014
the-program-2015,2015
how-clean-is-cycling-behind-the-scenes-with-seven-times-world-champion-tony-martin,2017
half-the-road-the-passion-pitfalls-power-of-womens-professional-cycling,2014
the-road-uphill,2011
baroudeur,2012
icarus-2017,2017
the-armstrong-lie,2013
stop-at-nothing-the-lance-armstrong-story,2014
big,1988
the-magician-1958,1958
tour-de-pharmacy,2017
john-tucker-must-die,2006
win-a-date-with-tad-hamilton,2004
annihilation,2018
walk-the-line,2005
get-over-it,2001
the-shape-of-water,2017
spider-man-homecoming,2017
i-give-it-a-year,2013
black-panther-2018,2018
thor-ragnarok,2017
guardians-of-the-galaxy-vol-2,2017
rush-hour-2,2001
rush-hour,1998
when-we-first-met,2018
license-to-wed,2007
city-limits,1984
keeping-the-faith,2000
friends-with-benefits,2011
footloose,1984
deathstalker-and-the-warriors-from-hell,1988
monty-python-and-the-holy-grail,1975
christmas-inheritance,2017
the-big-sick,2017
coyote-ugly,2000
i-love-you-man,2009
bride-wars,2009
miss-congeniality,2000
made-of-honor,2008
the-secret-garden-1993,1993
divine-secrets-of-the-ya-ya-sisterhood,2002
double-jeopardy-1999,1999
a-christmas-prince,2017
her,2013
bicentennial-man,1999
coach-carter,2005
the-shawshank-redemption,1994
grammys-greatest-stories-a-60th-anniversary-special,2017
jim-andy-the-great-beyond,2017
bring-it-on,2000
v-for-vendetta,2005
the-castle-of-fu-manchu,1969
teen-witch,1989
runaway-jury,2003
pitch-perfect-2,2015
garden-state,2004
enchanted,2007
kingpin,1996
hollow-man,2000
spanglish,2004
valentines-day,2010
gi-jane,1997
avatar,2009
runaway-bride,1999
alice-in-wonderland-1951,1951
zodiac,2007
stepmom,1998
here-comes-the-circus,1946
bedazzled-2000,2000
bed-of-roses,1996
the-help,2011
twister,1996
religulous,2008
rushmore,1998
bend-it-like-beckham,2002
the-banger-sisters,2002
practical-magic,1998
the-five-year-engagement,2012
knocked-up,2007
shallow-hal,2001
superbad,2007
sweet-home-alabama,2002
adore,2013
christian-mingle,2014
man-on-wire,2008
trust-2010,2010
the-princess-bride,1987
laggies,2014
they-came-together,2014
hero-2002,2002
the-sixth-sense,1999
the-loves-of-hercules,1960
the-thing,1982
the-italian-job-2003,2003
extraordinary-the-stan-romanek-story,2013
clueless,1995
emma,1996
get-out-2017,2017
ps-i-love-you,2007
something-borrowed,2011
i-know-who-killed-me,2007
an-american-tail-fievel-goes-west,1991
were-back-a-dinosaurs-story,1993
mean-girls,2004
you-get-me,2017
honey-we-shrunk-ourselves,1997
a-league-of-their-own,1992
europa-report,2013
looper,2012
october-sky,1999
27-dresses,2008
the-heartbreak-kid,2007
ex-machina-2014,2014
ferngully-the-last-rainforest,1992
13-going-on-30,2004
how-to-lose-a-guy-in-10-days,2003
wonder-woman-2017,2017
the-break-up,2006
magicians-life-in-the-impossible,2016
miss-representation,2011
a-sunday-in-hell-paris-roubaix-1976,1977
rogue-one-a-star-wars-story,2016
the-empire-strikes-back,1980
talladega-nights-the-ballad-of-ricky-bobby,2006
the-land-that-time-forgot,1974
armageddon,1998
stars-and-the-water-carriers,1974
cassinis-grand-finale,2017
sherlock-jr,1924
penn-tellers-invisible-thread,1987
dave-chappelle-deep-in-the-heart-of-texas,2017
dave-chappelle-the-age-of-spin,2017
heavyweights,1995
while-you-were-sleeping,1995
shakespeare-in-love,1998
kate-leopold,2001
the-swan-princess,1994
starcrash,1978
the-beast-of-hollow-mountain,1956
when-harry-met-sally,1989
love-actually,2003
avalanche,1978
the-time-travelers,1964
cry-wilderness,1987
reptilicus,1961
louis-ck-2017,2017
teenagers-from-outer-space,1959
midnight-in-paris,2011
whatever-works,2009
vicky-cristina-barcelona,2008
werewolf,1995
flight-of-the-conchords-a-texan-odyssey,2006
the-lord-of-the-rings-the-return-of-the-king,2003
the-lord-of-the-rings-the-two-towers,2002
the-lord-of-the-rings-the-fellowship-of-the-ring,2001
the-hobbit-the-battle-of-the-five-armies,2014
the-hobbit-the-desolation-of-smaug,2013
the-hobbit-an-unexpected-journey,2012
la-maison-en-petits-cubes,2008
the-beatles-eight-days-a-week-the-touring-years,2016
pocahontas-1995,1995
golden-films-beauty-and-the-beast,1993
beauty-and-the-beast-2017,2017
the-imitation-game,2014
estes-avenue,2005
the-forest-for-the-trees,2003
erin-brockovich,2000
romeo-juliet-1996,1996
love-basketball,2000
dont-think-twice,2016
the-secret-life-of-pets,2016
bo-burnham-make-happy,2016
moana-2016,2016
they-live,1988
inner-workings,2016
teacher-of-the-year-2015,2015
feast-2014,2014
asteria,2016
happy-end-2016,2016
the-head-vanishes,2016
once-upon-a-line,2016
indice-50,2016
pear-cider-and-cigarettes,2016
blind-vaysha,2016
pearl-2016,2016
borrowed-time-2015,2015
high-school-musical-2,2007
high-school-musical,2006
la-la-land,2016
finding-dory,2016
an-affair-to-remember,1957
sabrina,1954
arrival-2016,2016
dirty-dancing-havana-nights,2004
dirty-dancing,1987
scary-movie-2,2001
scary-movie-2000,2000
the-beautician-and-the-beast,1997
serendipity,2001
hidden-figures,2016
rebel-without-a-cause,1955
lost-in-london-2017,2017
singin-in-the-rain,1952
carousel,1956
princess-mononoke,1997
the-cabinet-of-dr-caligari-1920,1920
the-consequences-of-feminism,1906
hoop-dreams,1994
dangerous-liaisons,1988
the-sand-pebbles,1966
the-motel,2005
the-man-who-shot-liberty-valance,1962
frozen-river,2008
boyhood,2014
if,1968
the-count-of-monte-cristo-2002,2002
black-mirror-white-christmas,2014
moonrise-kingdom,2012
ruby-sparks,2012
take-this-waltz,2011
reggie-watts-spatial,2016
the-santa-clause,1994
fantastic-beasts-and-where-to-find-them,2016
skyfall,2012
the-first-wives-club,1996
marie-antoinette-2006,2006
step-brothers,2008
heathers,1988
theres-something-about-mary,1998
my-big-fat-greek-wedding,2002
saw,2004
as-good-as-it-gets,1997
forrest-gump,1994
the-wailing,2016
megamind,2010
bound,1996
drive-2011,2011
north-west-mounted-police,1940
seventeen-again,2000
observe-and-report,2009
margo-lily,2012
despair-2010,2010
tufty,2009
alive-in-joburg,2005
young-frankenstein,1974
a-charlie-brown-thanksgiving,1973
the-little-mermaid,1989
moulin-rouge-2001,2001
amadeus,1984
david-blaine-what-is-magic,2010
david-blaine-real-or-magic,2013
trainspotting,1996
head-of-state,2003
the-lion-in-your-living-room,2015
doctor-strange-2016,2016
mary-poppins,1964
a-knights-tale,2001
classic-albums-elton-john-goodbye-yellow-brick-road,2001
in-her-shoes,2005
the-master-of-disguise,2002
piper,2016
joe-dirt,2001
the-house-bunny,2008
what-about-bob,1991
dear-mr-watterson,2013
the-exorcist,1973
the-lego-movie,2014
cyberbully,2011
the-omen,1976
carrie-1976,1976
a-girl-like-her-2015,2015
casting-by,2012
david-cross-making-america-great-again,2016
josie-and-the-pussycats,2001
quiz-show,1994
a-cinderella-story,2004
tangled-2010,2010
the-princess-and-the-frog,2009
bridesmaids,2011
bridget-jones-the-edge-of-reason,2004
bridget-joness-diary,2001
sister-act-2-back-in-the-habit,1993
sister-act,1992
gentlemen-prefer-blondes,1953
the-seven-year-itch,1955
murder-by-death,1976
the-fountain,2006
the-cabin-in-the-woods,2011
american-psycho,2000
elf,2003
wicker-park,2004
south-park-bigger-longer-uncut,1999
dead-poets-society,1989
panic-room,2002
flightplan,2005
harry-potter-and-the-deathly-hallows-part-2,2011
harry-potter-and-the-deathly-hallows-part-1,2010
harry-potter-and-the-half-blood-prince,2009
harry-potter-and-the-order-of-the-phoenix,2007
the-hitchhikers-guide-to-the-galaxy-2005,2005
hes-just-not-that-into-you,2009
unfaithful,2002
black-swan,2010
life-of-brian,1979
willy-wonka-the-chocolate-factory,1971
little-miss-sunshine,2006
american-beauty,1999
all-about-eve,1950
some-like-it-hot,1959
cinderella-1957,1957
cinderella-1997,1997
harry-potter-and-the-goblet-of-fire,2005
harry-potter-and-the-prisoner-of-azkaban,2004
harry-potter-and-the-chamber-of-secrets,2002
harry-potter-and-the-philosophers-stone,2001
cinderella-1965,1965
home-alone,1990
les-miserables-2012,2012
sausage-party,2016
the-bounty-hunter,2010
the-back-up-plan,2010
the-ugly-truth,2009
how-do-you-know,2010
napoleon-dynamite,2004
bruce-almighty,2003
liar-liar,1997
the-prestige,2006
ice-age-dawn-of-the-dinosaurs,2009
i-saw-the-light,2015
allegiant,2016
10-cloverfield-lane,2016
independence-day-resurgence,2016
austin-powers-in-goldmember,2002
one-hundred-and-one-dalmatians,1961
austin-powers-the-spy-who-shagged-me,1999
austin-powers-international-man-of-mystery,1997
match-point,2005
the-holiday,2006
begin-again,2013
the-big-year,2011
borat-cultural-learnings-of-america-for-make-benefit-glorious-nation-of-kazakhstan,2006
the-secret-life-of-walter-mitty-2013,2013
the-iron-giant,1999
petes-dragon,1977
the-magic-voyage,1992
the-black-cauldron,1985
bambi,1942
jrrt-a-study-of-john-ronald-reuel-tolkien-1892-1973,1992
sofia-stars-and-the-space-between,2012
ben-hur-1907,1907
the-cmb-a-new-view-from-the-south-pole,2012
curiosity-searching-for-carbon,2013
seeing-planets-like-never-before,2014
distant-quasars-shedding-light-on-black-holes,2016
nairo-quintana-little-big-man,2016
brian-eno-another-green-world,2010
one-man,2012
mary-last-seen,2010
charlie-2013,2013
the-big-short,2015
the-hunger-games-mockingjay-part-2,2015
x-men-apocalypse,2016
men-in-black-ii,2002
men-in-black,1997
the-emperors-new-groove,2000
the-great-mouse-detective,1986
the-mummy-returns,2001
the-mummy-1999,1999
strike-1998,1998
matilda,1996
the-princess-diaries-2-royal-engagement,2004
harriet-the-spy,1996
chicken-or-the-egg,2013
mona-lisa-smile,2003
the-parent-trap-1998,1998
captain-america-civil-war,2016
juno,2007
youve-got-mail,1998
what-the-do-we-know,2004
bernie-2011,2011
best-in-show,2000
eel-girl,2008
jumping,1984
night-of-the-hell-hamsters,2006
matsumoto-fragment,1907
the-dancing-pig,1907
big-buck-bunny,2008
tin-toy,1988
dont,2007
tuck-me-in,2014
michael-jacksons-thriller,1983
roundhay-garden-scene,1888
workers-leaving-the-lumiere-factory,1895
the-kiss-1896,1896
castello-cavalcanti,2013
the-incredible-burt-wonderstone,2013
the-night-before-christmas,1933
the-clock-watcher,1945
plutos-christmas-tree,1952
once-upon-a-wintertime,1948
a-disney-christmas-gift,1983
ferris-buellers-day-off,1986
watchmen,2009
gods-not-dead,2014
maggie-simpson-in-the-longest-daycare,2012
bio-cop,2012
kick-heart,2013
the-bride-1971,1971
not-everything-that-flies-is-a-bird,1970
catarina-and-the-others,2011
invention-of-love,2010
my-last-day,2011
off-his-rockers,1992
bunny,1998
routine-2015,2015
knick-knack,1989
likeness,2013
the-flying-car,2002
the-girl-is-mime,2009
experimental-animation,1933
mattress-man-commercial,2003
a-brief-history-of-john-baldessari,2012
a-funny-shave,1906
thresher,2014
trail-mix-up,1993
tummy-trouble,1989
angry-video-game-nerd-the-movie,2014
dazed-and-confused,1993
zootopia,2016
jurassic-park,1993
the-good-the-bad-and-the-ugly,1966
queen-a-night-in-bohemia,2016
deadpool,2016
neil-young-crazy-horse-rust-never-sleeps,1979
human-highway,1982
the-maltese-falcon-1941,1941
pretty-in-pink,1986
to-catch-a-thief,1955
blazing-saddles,1974
the-treasure-of-the-sierra-madre,1948
butch-cassidy-and-the-sundance-kid,1969
the-revenant-2015,2015
blade-runner,1982
life-is-flashing-before-your-eyes,1984
cousin-ben-troop-screening,2012
roller-coaster-rabbit,1990
omelette,2013
batman-vs-the-terminator,2014
fashion-film,2013
please-kill-mr-kinski,1999
crawlspace,1986
batman-strange-days,2014
azureus-rising,2010
posthuman,2012
school-of-rock,2003
a-goofy-movie,1995
a-walk-to-remember,2002
never-been-kissed,1999
vincent,1982
fumikos-confession,2009
bambi-meets-godzilla,1969
the-landlord-2007,2007
the-cat-came-back,1988
superflat-monogram,2003
evolution-1971,1971
the-crunch-bird,1971
unedited-footage-of-a-bear,2014
hotel-chevalier,2007
the-fat-and-lean-wrestling-match,1900
i-live-in-the-woods,2008
the-furred-man,2010
the-tell-tale-heart,1953
everafter,1998
the-princess-diaries,2001
2-in-the-am-pm,2006
its-a-mad-mad-mad-mad-world,1963
mickey-mouse-in-vietnam,1968
jumanji,1995
beauty-and-the-beast-1991,1991
manos-the-hands-of-fate,1966
hired,1940
too-many-cooks-2014,2014
the-salad-mixxxer,2014
dugs-special-mission,2009
super-rhino,2009
burne,2008
jack-jack-attack,2005
the-legend-of-the-flying-tomato,2014
electroshock,2011
the-devil-wears-prada,2006
the-colors-of-evil,2012
boys-night-out-2003,2003
whiplash-2013,2013
a-clockwork-orange,1971
wish-upon-a-star,1996
your-friend-the-rat,2007
the-craft,1996
my-best-friends-wedding,1997
jungle-jail,2008
lava-2014,2014
bob-dylan-another-self-portrait-1969-1971,2013
wanderers,2014
the-hateful-eight,2015
cargo-2013,2013
the-silent-city,2006
the-gate-2011,2011
the-device-2012,2012
abe,2013
apollo-13,1995
jungle-2-jungle,1997
eternal-sunshine-of-the-spotless-mind,2004
view-from-the-top,2003
entracte,1924
little-nicky,2000
dodgeball-a-true-underdog-story,2004
i-huckabees,2004
whats-opera-doc,1957
pontoffel-pock-his-magic-piano,1984
the-lorax,1972
the-princess-and-the-goblin,1992
steamboat-willie,1928
